Days in Hospital,Mean,Std.Dev,Max,Min,N
41-50,5.666666667,1.826,8,3,12
51-60,7.140186916,2.756,14,2,107
61-70,13.59411765,2.534,19,6,170
71-80,16.60869565,2.074,19,11,69
