Days in Hospital,Mean,Std.Dev,Max,Min,N
41-50,2.21875,0.92,3.75,1.025,12
51-60,5.006373832,1.556,8.775,0.507,107
61-70,8.059852941,1.423,11.6,3.85,170
71-80,10.41702899,1.226,13.075,7.8,69
